Open time,Open,High,Low,Close,Volume,Close time,Quote asset volume,Number of trades,Taker buy base asset volume,Taker buy quote asset volume,Ignore
1684864800000,1849.80000000,1851.79000000,1844.93000000,1845.37000000,12120.06280000,1684868399999,22397663.92280100,16481,5550.56810000,10255950.76032000,0
1684868400000,1845.37000000,1852.99000000,1842.00000000,1851.52000000,10037.33070000,1684871999999,18555273.80842600,15420,5338.18750000,9866391.72633500,0
1684872000000,1851.52000000,1857.14000000,1848.50000000,1854.39000000,8377.10210000,1684875599999,15517308.45195800,17192,4674.37840000,8657767.77821400,0
1684875600000,1854.40000000,1855.73000000,1849.30000000,1849.31000000,5113.79600000,1684879199999,9475209.88571100,10329,2302.77740000,4266837.09912100,0
1684879200000,1849.31000000,1854.40000000,1846.33000000,1854.40000000,6225.11890000,1684882799999,11523744.31245000,10478,3119.10950000,5774176.49127900,0
1684882800000,1854.40000000,1856.82000000,1852.82000000,1854.05000000,5488.72480000,1684886399999,10178017.90013100,9550,2549.59140000,4727585.66121300,0
1684886400000,1854.06000000,1854.09000000,1847.31000000,1849.69000000,6820.46350000,1684889999999,12624856.27815600,12640,3086.55460000,5713827.20849500,0
1684890000000,1849.69000000,1850.96000000,1844.31000000,1845.27000000,9284.08770000,1684893599999,17154472.32042300,18066,4220.29990000,7798546.03535200,0
1684893600000,1845.27000000,1847.82000000,1844.37000000,1846.13000000,5877.72530000,1684897199999,10851955.37050100,11261,3476.19670000,6418107.74269400,0
1684897200000,1846.14000000,1846.30000000,1812.13000000,1821.95000000,47574.07720000,1684900799999,86941891.45790500,56384,22256.40570000,40653710.74105600,0
1684900800000,1821.94000000,1827.56000000,1817.54000000,1827.32000000,36418.52090000,1684904399999,66425747.13873100,30514,13116.98290000,23915622.47547300,0
1684904400000,1827.31000000,1828.66000000,1823.95000000,1826.13000000,21852.64410000,1684907999999,39912267.29985700,19890,8844.68700000,16155423.36388600,0
1684908000000,1826.13000000,1826.45000000,1817.81000000,1821.55000000,10667.58820000,1684911599999,19434369.80809500,17803,4109.07070000,7485879.73854200,0
1684911600000,1821.54000000,1823.45000000,1813.82000000,1814.07000000,13900.24880000,1684915199999,25288740.48686900,18797,6656.89910000,12111935.27899700,0
1684915200000,1814.07000000,1818.46000000,1813.35000000,1818.44000000,10860.82950000,1684918799999,19724678.20867100,16191,4530.78520000,8228083.02866400,0
1684918800000,1818.45000000,1821.15000000,1816.00000000,1817.07000000,8112.21110000,1684922399999,14754070.97320000,15102,3759.21150000,6837170.21499500,0
1684922400000,1817.06000000,1817.38000000,1813.53000000,1815.47000000,7918.08730000,1684925999999,14375894.10528900,17180,3976.69050000,7220111.64792800,0
1684926000000,1815.46000000,1817.99000000,1811.00000000,1816.01000000,11256.16960000,1684929599999,20417356.96823300,22182,5343.45430000,9693368.07399200,0
1684929600000,1816.02000000,1818.27000000,1813.33000000,1816.65000000,8174.92400000,1684933199999,14848991.94597900,17804,3252.58020000,5907902.88788600,0
1684933200000,1816.64000000,1818.13000000,1789.53000000,1803.04000000,39833.38390000,1684936799999,71844352.33945300,45025,17328.69670000,31235147.11486000,0
1684936800000,1803.04000000,1803.04000000,1777.60000000,1787.48000000,50824.04080000,1684940399999,90921806.04411300,59135,22873.09590000,40909728.61199400,0
1684940400000,1787.47000000,1795.61000000,1781.00000000,1793.35000000,38479.44000000,1684943999999,68825889.25341600,39797,19407.15670000,34716623.07644800,0
1684944000000,1793.36000000,1793.78000000,1785.00000000,1789.40000000,12968.20930000,1684947599999,23195597.59819200,19697,6147.54440000,10995966.62006700,0
1684947600000,1789.39000000,1795.38000000,1785.23000000,1792.74000000,11789.67390000,1684951199999,21115176.22720600,17469,5716.62970000,10238563.50500900,0
1684951200000,1792.73000000,1794.67000000,1786.69000000,1788.20000000,9811.93310000,1684954799999,17568923.71047700,15890,5252.35990000,9404994.90634100,0
1684954800000,1788.19000000,1798.63000000,1786.26000000,1792.79000000,14843.61580000,1684958399999,26622943.11242500,18707,7621.31170000,13664939.36384700,0
1684958400000,1792.79000000,1809.29000000,1791.89000000,1804.60000000,20133.65480000,1684961999999,36266917.01876000,26598,10782.98560000,19419197.23899000,0
1684962000000,1804.61000000,1809.20000000,1791.80000000,1800.41000000,11326.73780000,1684965599999,20421564.97487400,17607,5580.25680000,10060802.71127800,0
1684965600000,1800.42000000,1803.60000000,1797.64000000,1799.38000000,7222.31350000,1684969199999,13003261.81456400,11768,3545.58790000,6382893.57284700,0
1684969200000,1799.39000000,1803.20000000,1798.73000000,1799.89000000,4895.56440000,1684972799999,8818636.14249800,8800,2569.66770000,4628889.01651800,0
1684972800000,1799.89000000,1807.33000000,1790.91000000,1792.06000000,23487.63510000,1684976399999,42218912.95447800,32848,8795.02740000,15816482.46268800,0
1684976400000,1792.06000000,1798.34000000,1761.41000000,1777.15000000,58692.44550000,1684979999999,104354677.69647900,62994,24818.46420000,44080385.62944300,0
1684980000000,1777.15000000,1780.66000000,1774.98000000,1779.80000000,9528.66730000,1684983599999,16938295.56777700,15395,4588.98080000,8157400.22130600,0
1684983600000,1779.79000000,1783.09000000,1775.92000000,1781.27000000,11183.23860000,1684987199999,19900987.18297200,16028,5914.42990000,10524181.08147500,0
1684987200000,1781.28000000,1782.41000000,1774.45000000,1779.17000000,11974.03400000,1684990799999,21294702.68923300,17714,6102.51820000,10852588.41260500,0
1684990800000,1779.18000000,1784.49000000,1778.41000000,1784.16000000,5217.13710000,1684994399999,9292713.73444500,12442,2710.87470000,4828634.66423800,0
1684994400000,1784.17000000,1787.52000000,1782.69000000,1784.08000000,9211.49420000,1684997999999,16439807.11798200,19958,4191.18590000,7480059.01008900,0
1684998000000,1784.07000000,1785.00000000,1777.65000000,1778.68000000,11542.81130000,1685001599999,20559655.25862600,17052,5158.96950000,9188716.54432100,0
1685001600000,1778.68000000,1786.80000000,1778.68000000,1784.99000000,9775.52490000,1685005199999,17439464.84491700,15635,5407.28180000,9646228.68890500,0
1685005200000,1784.99000000,1788.20000000,1784.98000000,1787.36000000,6774.99040000,1685008799999,12104231.94230400,12771,3240.24850000,5788620.90149700,0
1685008800000,1787.36000000,1789.61000000,1784.54000000,1786.23000000,5818.37770000,1685012399999,10394013.60193800,12348,3300.42170000,5895857.95187900,0
1685012400000,1786.23000000,1792.55000000,1782.43000000,1789.65000000,8710.29910000,1685015999999,15563806.33969100,15546,4269.79960000,7630679.64758700,0
1685016000000,1789.66000000,1812.76000000,1789.65000000,1801.80000000,37873.53160000,1685019599999,68287385.80102000,41941,19783.98140000,35663864.73319300,0
1685019600000,1801.81000000,1805.99000000,1794.59000000,1799.55000000,16004.81300000,1685023199999,28811037.51966300,24055,8250.96490000,14852458.27484900,0
1685023200000,1799.56000000,1803.66000000,1794.05000000,1799.31000000,14738.74920000,1685026799999,26513741.71993200,21087,7671.77360000,13799998.86200400,0
1685026800000,1799.30000000,1801.33000000,1786.71000000,1791.56000000,16103.60640000,1685030399999,28878168.57652800,23021,7507.58270000,13462779.05182700,0
1685030400000,1791.56000000,1799.41000000,1791.36000000,1797.11000000,16706.51600000,1685033999999,30011554.98666800,17776,7057.74870000,12675672.08945500,0
1685034000000,1797.11000000,1806.77000000,1795.83000000,1804.80000000,12616.64310000,1685037599999,22736330.17966600,17787,5462.98970000,9842584.12801100,0
1685037600000,1804.80000000,1809.84000000,1803.37000000,1805.70000000,15904.81030000,1685041199999,28725289.58484900,18405,6918.34600000,12493910.87648300,0
1685041200000,1805.70000000,1818.81000000,1804.65000000,1808.82000000,22697.23250000,1685044799999,41137953.57933500,27554,11339.99200000,20551317.25227400,0
1685044800000,1808.82000000,1813.76000000,1808.82000000,1809.99000000,10236.59180000,1685048399999,18541840.63544100,13805,4467.26670000,8090950.72089500,0
1685048400000,1809.98000000,1809.99000000,1805.74000000,1807.61000000,5200.67910000,1685051999999,9399775.72046200,9268,2194.38840000,3966180.21811200,0
1685052000000,1807.60000000,1809.45000000,1806.07000000,1807.28000000,4848.67510000,1685055599999,8765503.06720800,7873,2246.82480000,4061487.95256400,0
1685055600000,1807.28000000,1812.13000000,1805.39000000,1805.60000000,5784.50560000,1685059199999,10459502.14095700,9596,3010.10160000,5443064.97926200,0
1685059200000,1805.61000000,1808.75000000,1802.24000000,1805.28000000,9789.47010000,1685062799999,17676341.62902300,12224,4631.43180000,8363169.02162900,0
1685062800000,1805.29000000,1808.98000000,1796.99000000,1801.97000000,13130.06670000,1685066399999,23667636.62582300,18746,6591.68280000,11880416.39118100,0
1685066400000,1801.98000000,1804.36000000,1800.68000000,1801.89000000,3987.91850000,1685069999999,7189381.38883000,8658,1983.86680000,3576431.17630200,0
1685070000000,1801.89000000,1808.52000000,1801.40000000,1807.41000000,7946.82940000,1685073599999,14342620.78824300,10670,4653.98460000,8397962.69110900,0
1685073600000,1807.41000000,1809.58000000,1805.28000000,1808.16000000,12227.14740000,1685077199999,22099327.49626200,12805,5895.56030000,10656093.54786400,0
1685077200000,1808.15000000,1808.77000000,1802.79000000,1803.06000000,6436.69680000,1685080799999,11620012.90426800,10549,2566.04850000,4632533.08149800,0
1685080800000,1803.05000000,1812.76000000,1802.00000000,1811.62000000,9803.96710000,1685084399999,17719242.81219700,13994,5788.69910000,10463081.63279500,0
1685084400000,1811.62000000,1817.72000000,1809.52000000,1816.71000000,11104.13240000,1685087999999,20132068.05739800,16839,6045.20970000,10959358.12059100,0
1685088000000,1816.70000000,1818.52000000,1813.03000000,1814.36000000,12478.10890000,1685091599999,22657661.57593300,16595,6384.77970000,11592981.07399600,0
1685091600000,1814.36000000,1814.52000000,1811.69000000,1813.37000000,6423.18860000,1685095199999,11645107.68694100,12017,3048.06560000,5526287.15846700,0
1685095200000,1813.38000000,1814.60000000,1811.11000000,1813.51000000,4577.49670000,1685098799999,8298171.28786500,11511,2050.12770000,3716462.96135100,0
1685098800000,1813.51000000,1815.99000000,1811.27000000,1812.26000000,10920.86620000,1685102399999,19804997.03769400,15729,6620.34340000,12006230.69584000,0
1685102400000,1812.26000000,1823.81000000,1809.03000000,1814.73000000,21895.92020000,1685105999999,39741726.89059200,27732,12453.21100000,22604696.38097500,0
1685106000000,1814.73000000,1829.00000000,1814.72000000,1823.20000000,29486.30770000,1685109599999,53746216.93571600,30712,15851.28300000,28883884.95808900,0
1685109600000,1823.20000000,1838.20000000,1820.20000000,1829.83000000,35627.44990000,1685113199999,65213718.39767000,37907,17136.13500000,31366699.45687700,0
1685113200000,1829.83000000,1837.34000000,1829.61000000,1830.84000000,16690.79080000,1685116799999,30600638.26483600,19896,9388.92740000,17214005.79182800,0
1685116800000,1830.83000000,1832.29000000,1828.20000000,1828.20000000,10786.22930000,1685120399999,19743619.86776000,14739,5207.50080000,9532255.38175900,0
1685120400000,1828.20000000,1830.51000000,1822.50000000,1824.34000000,9969.17280000,1685123999999,18210908.93062600,14460,4657.16840000,8508042.42137800,0
1685124000000,1824.34000000,1834.52000000,1822.49000000,1831.73000000,14038.46540000,1685127599999,25662354.59268500,17699,6349.20690000,11609019.30846200,0
1685127600000,1831.73000000,1837.00000000,1831.44000000,1835.55000000,10513.32770000,1685131199999,19283371.94758900,15288,5323.73000000,9764297.17600300,0
1685131200000,1835.56000000,1837.79000000,1833.12000000,1834.66000000,5602.70880000,1685134799999,10283276.42546300,10182,2776.26260000,5095650.60680100,0
1685134800000,1834.66000000,1836.04000000,1831.21000000,1831.25000000,4659.15380000,1685138399999,8541383.15716000,10522,2087.65570000,3826988.06785200,0
1685138400000,1831.26000000,1832.12000000,1826.18000000,1826.29000000,4396.78490000,1685141999999,8046143.37511900,8909,1710.05430000,3129136.50255000,0
1685142000000,1826.30000000,1829.53000000,1826.29000000,1827.79000000,3198.48530000,1685145599999,5848045.80424400,7471,1432.17240000,2618158.98887400,0
1685145600000,1827.80000000,1828.23000000,1825.01000000,1826.49000000,4377.24490000,1685149199999,7995595.48081900,9703,2027.16050000,3702897.62572300,0
1685149200000,1826.49000000,1829.98000000,1826.47000000,1829.97000000,4397.17020000,1685152799999,8037636.45643900,8051,1672.20890000,3056878.27760800,0
1685152800000,1829.97000000,1834.19000000,1826.71000000,1833.30000000,6499.71780000,1685156399999,11893216.93564700,10173,3033.91820000,5551922.96688100,0
1685156400000,1833.30000000,1836.12000000,1831.60000000,1834.25000000,13367.16830000,1685159999999,24508680.12278000,12670,6819.92070000,12505054.48146100,0
1685160000000,1834.24000000,1835.45000000,1830.83000000,1834.32000000,8544.31270000,1685163599999,15662924.55778900,11361,3911.99310000,7171263.22652500,0
1685163600000,1834.31000000,1834.66000000,1829.27000000,1831.59000000,3605.19120000,1685167199999,6605036.99627800,9716,1615.10720000,2958985.10348700,0
1685167200000,1831.60000000,1833.83000000,1830.40000000,1832.68000000,3522.08530000,1685170799999,6451727.60288400,8365,1689.02500000,3093856.37910200,0
1685170800000,1832.68000000,1833.45000000,1828.20000000,1829.76000000,5306.66220000,1685174399999,9715343.20736600,15340,2474.21930000,4529977.72604300,0
1685174400000,1829.77000000,1830.04000000,1825.98000000,1828.19000000,7831.48050000,1685177999999,14316275.10347900,11477,4018.21680000,7345576.60255900,0
1685178000000,1828.19000000,1830.18000000,1826.56000000,1826.75000000,6085.80560000,1685181599999,11128352.19664000,11212,2884.29150000,5273921.60105900,0
1685181600000,1826.75000000,1828.00000000,1824.60000000,1826.54000000,5894.64380000,1685185199999,10765550.47894600,12001,2733.88090000,4993013.93719500,0
1685185200000,1826.54000000,1828.36000000,1822.45000000,1826.83000000,5291.38050000,1685188799999,9661374.13176100,11330,2663.39400000,4863230.28998300,0
1685188800000,1826.83000000,1830.40000000,1824.76000000,1828.18000000,4491.42130000,1685192399999,8208085.63262900,11403,2155.17460000,3938629.63526500,0
1685192400000,1828.19000000,1832.00000000,1812.18000000,1819.79000000,11071.32820000,1685195999999,20186198.10682500,20698,5160.64580000,9409629.30770500,0
1685196000000,1819.80000000,1826.15000000,1818.28000000,1822.96000000,8370.11270000,1685199599999,15254377.27779500,17098,4606.46830000,8395324.17535400,0
1685199600000,1822.96000000,1824.31000000,1821.37000000,1823.60000000,4351.93640000,1685203199999,7933509.00068300,12280,2526.32420000,4605311.79288400,0
1685203200000,1823.60000000,1823.71000000,1817.25000000,1821.69000000,5184.45140000,1685206799999,9438696.21200100,12561,2629.98710000,4787718.06317200,0
1685206800000,1821.70000000,1825.42000000,1820.80000000,1824.18000000,3797.42630000,1685210399999,6923219.11806900,10248,2079.50700000,3791454.49711200,0
1685210400000,1824.19000000,1829.20000000,1820.35000000,1821.57000000,7390.39530000,1685213999999,13490693.41589500,13239,4173.19510000,7619119.01342200,0
1685214000000,1821.58000000,1826.91000000,1821.57000000,1826.03000000,4039.42780000,1685217599999,7368710.57253000,9691,2355.43280000,4296464.06878700,0
1685217600000,1826.04000000,1827.52000000,1825.44000000,1827.52000000,2666.55260000,1685221199999,4869954.22774500,10385,1466.35270000,2678035.72139800,0
1685221200000,1827.52000000,1828.36000000,1824.41000000,1827.92000000,4020.48040000,1685224799999,7343221.58231700,8691,2212.99050000,4041605.48015000,0
1685224800000,1827.92000000,1832.06000000,1827.33000000,1830.07000000,5357.60230000,1685228399999,9800863.65469200,10436,2925.19950000,5351018.39783400,0
1685228400000,1830.07000000,1832.00000000,1828.48000000,1829.89000000,3360.94290000,1685231999999,6150896.17855400,8254,1746.03420000,3195433.50388100,0
1685232000000,1829.89000000,1854.90000000,1823.60000000,1849.07000000,28565.10950000,1685235599999,52591201.12237900,35366,16135.42310000,29719558.04624500,0
1685235600000,1849.08000000,1859.50000000,1847.00000000,1848.78000000,26580.53890000,1685239199999,49273350.37568200,32569,14605.78230000,27075063.68074100,0
1685239200000,1848.79000000,1851.14000000,1845.76000000,1846.59000000,8251.21980000,1685242799999,15249967.57147400,13286,4102.34350000,7581649.72505800,0
1685242800000,1846.60000000,1855.27000000,1845.74000000,1850.71000000,11338.25460000,1685246399999,20984529.15127100,16735,6817.61230000,12619351.22854900,0
1685246400000,1850.71000000,1859.00000000,1848.81000000,1849.14000000,32452.61790000,1685249999999,60146027.44244500,26407,19083.73880000,35366546.53593900,0
1685250000000,1849.14000000,1850.80000000,1846.30000000,1847.49000000,8984.57870000,1685253599999,16607063.10586800,14196,4464.97500000,8253572.73141700,0
1685253600000,1847.49000000,1850.00000000,1845.51000000,1845.88000000,10302.91560000,1685257199999,19043448.72527400,19348,6060.30150000,11202388.26448000,0
1685257200000,1845.88000000,1848.50000000,1845.29000000,1847.79000000,5421.27060000,1685260799999,10012254.07061900,13049,2680.34560000,4949881.32191800,0
1685260800000,1847.80000000,1848.41000000,1843.48000000,1845.42000000,7413.92940000,1685264399999,13683261.65039600,13651,3312.21870000,6112822.32960000,0
1685264400000,1845.43000000,1846.60000000,1843.76000000,1844.87000000,3121.14630000,1685267999999,5758881.83405100,9742,1453.82470000,2682309.49151000,0
1685268000000,1844.88000000,1846.72000000,1843.21000000,1845.80000000,5307.25850000,1685271599999,9791763.46965300,13457,2381.53780000,4393857.11924200,0
1685271600000,1845.80000000,1851.79000000,1843.21000000,1843.50000000,10735.69680000,1685275199999,19822083.39370300,16699,5810.68010000,10727505.98190900,0
1685275200000,1843.51000000,1844.42000000,1837.17000000,1840.60000000,8891.49340000,1685278799999,16369685.70006500,17353,3897.89200000,7176092.66885900,0
1685278800000,1840.60000000,1845.21000000,1840.59000000,1843.72000000,5488.67290000,1685282399999,10113684.58357400,14677,2435.57870000,4487706.18271000,0
1685282400000,1843.72000000,1843.72000000,1839.16000000,1839.50000000,6353.39740000,1685285999999,11700350.42439300,12812,2366.00070000,4357463.56951100,0
1685286000000,1839.49000000,1843.74000000,1836.69000000,1843.74000000,6527.76780000,1685289599999,12019998.33327400,15012,2651.08980000,4881173.98925300,0
1685289600000,1843.74000000,1845.96000000,1839.21000000,1843.98000000,6182.74800000,1685293199999,11394328.28273900,14328,2272.58640000,4187989.61849300,0
1685293200000,1843.98000000,1852.77000000,1841.53000000,1847.51000000,11737.08940000,1685296799999,21668245.79036200,17635,4510.79010000,8330123.97694000,0
1685296800000,1847.51000000,1858.93000000,1843.88000000,1851.63000000,26887.27130000,1685300399999,49793201.28946000,40668,13040.83960000,24154233.92877600,0
1685300400000,1851.63000000,1854.57000000,1845.60000000,1848.77000000,12209.51210000,1685303999999,22601618.45223500,20630,6367.10550000,11785717.89982400,0
1685304000000,1848.77000000,1854.89000000,1848.76000000,1853.46000000,7843.10180000,1685307599999,14525325.73970600,16973,4309.18930000,7980221.27840300,0
1685307600000,1853.47000000,1868.00000000,1853.46000000,1867.99000000,18547.19660000,1685311199999,34513123.19782400,24564,11688.40150000,21743632.70312100,0
1685311200000,1867.99000000,1918.65000000,1867.99000000,1906.72000000,77399.22360000,1685314799999,147166225.93800200,98591,40674.40990000,77237354.00460300,0
1685314800000,1906.73000000,1917.97000000,1906.72000000,1908.64000000,31850.42620000,1685318399999,60870266.58503900,31979,13683.19380000,26145945.25964700,0
1685318400000,1908.64000000,1927.62000000,1908.17000000,1914.43000000,43302.02170000,1685321999999,83023986.20832200,53291,22309.37660000,42768675.52911400,0
1685322000000,1914.43000000,1918.29000000,1912.11000000,1917.33000000,17838.75060000,1685325599999,34163626.08475200,21574,9923.49900000,19004001.86156100,0
1685325600000,1917.34000000,1919.19000000,1909.31000000,1909.99000000,14271.61570000,1685329199999,27293536.96468800,18043,7046.30940000,13473009.13771200,0
1685329200000,1909.99000000,1910.00000000,1901.21000000,1903.77000000,24422.36450000,1685332799999,46574857.63497600,22866,14612.72300000,27870817.39858400,0
1685332800000,1903.78000000,1905.48000000,1893.00000000,1899.98000000,32677.49310000,1685336399999,62030765.41340800,32542,20221.79640000,38376806.79023300,0
1685336400000,1899.98000000,1905.92000000,1898.90000000,1903.84000000,10118.60400000,1685339999999,19249835.31119300,15912,4535.39890000,8628689.92660300,0
1685340000000,1903.85000000,1905.41000000,1900.80000000,1904.00000000,6525.98190000,1685343599999,12420769.94497900,12045,3199.73370000,6090306.32454600,0
1685343600000,1904.00000000,1904.00000000,1896.07000000,1899.85000000,12310.11530000,1685347199999,23387804.72541500,16755,4600.42350000,8739721.54239800,0
1685347200000,1899.85000000,1901.44000000,1895.00000000,1899.61000000,8101.84050000,1685350799999,15385769.71528300,13840,3285.17280000,6239404.61751300,0
1685350800000,1899.61000000,1904.95000000,1898.73000000,1904.95000000,10320.48970000,1685354399999,19633268.94286500,16591,5382.13990000,10238642.34123500,0
1685354400000,1904.94000000,1905.30000000,1893.92000000,1901.41000000,10672.02590000,1685357999999,20288751.78130100,17259,4255.04690000,8090484.31148100,0
1685358000000,1901.41000000,1904.56000000,1899.51000000,1903.26000000,6377.58710000,1685361599999,12133495.10982000,12701,2923.37830000,5562001.21924900,0
1685361600000,1903.26000000,1905.14000000,1897.00000000,1898.20000000,6404.59100000,1685365199999,12170208.65168800,13162,2801.87690000,5324282.25959600,0
1685365200000,1898.20000000,1902.84000000,1895.80000000,1900.10000000,8232.89940000,1685368799999,15638081.59806900,17187,3478.40000000,6607147.87935800,0
1685368800000,1900.09000000,1902.57000000,1885.00000000,1894.75000000,14439.17890000,1685372399999,27353786.69952000,21559,6043.98480000,11449045.41213300,0
1685372400000,1894.74000000,1899.14000000,1886.31000000,1889.41000000,14199.72270000,1685375999999,26864512.80240900,23161,7200.48690000,13622426.82648100,0
1685376000000,1889.41000000,1893.79000000,1877.47000000,1882.43000000,20794.55260000,1685379599999,39202181.44142700,26729,10747.68680000,20267574.25624000,0
1685379600000,1882.43000000,1894.99000000,1873.65000000,1891.19000000,13169.37690000,1685383199999,24815136.80059000,20135,6828.23540000,12867652.89776600,0
1685383200000,1891.19000000,1895.76000000,1889.16000000,1891.31000000,8258.25720000,1685386799999,15624733.74831600,12706,3838.33130000,7261725.55481500,0
1685386800000,1891.31000000,1894.78000000,1889.00000000,1891.20000000,5575.18740000,1685390399999,10551445.54618000,10450,2727.53230000,5161502.17652400,0
1685390400000,1891.19000000,1894.87000000,1890.33000000,1892.82000000,3986.67720000,1685393999999,7546487.42056300,9536,2106.75140000,3987608.75052600,0
1685394000000,1892.81000000,1894.99000000,1889.60000000,1890.43000000,4220.69250000,1685397599999,7985927.90958900,9761,2031.24540000,3843264.69787900,0
1685397600000,1890.43000000,1892.97000000,1886.02000000,1892.23000000,7071.13520000,1685401199999,13359546.11803300,12785,3261.21440000,6161536.23890800,0
1685401200000,1892.23000000,1903.00000000,1891.45000000,1892.60000000,10302.33320000,1685404799999,19537632.33649900,15305,5029.60080000,9538858.48913900,0
1685404800000,1892.60000000,1893.87000000,1881.19000000,1893.86000000,12306.67950000,1685408399999,23246183.42615700,21761,6430.55400000,12148885.90105800,0
1685408400000,1893.86000000,1899.45000000,1892.63000000,1897.70000000,8276.71970000,1685411999999,15700561.17101200,13998,4909.86510000,9313642.56138000,0
1685412000000,1897.71000000,1900.87000000,1894.93000000,1899.41000000,5224.59100000,1685415599999,9914818.53100300,10239,2847.92530000,5404578.83999600,0
1685415600000,1899.40000000,1912.55000000,1897.51000000,1900.66000000,14014.09400000,1685419199999,26679247.54445900,19575,7446.13440000,14175674.03380900,0
1685419200000,1900.67000000,1902.20000000,1896.61000000,1898.11000000,9108.86710000,1685422799999,17302616.33194300,13262,3254.60430000,6181317.37495500,0
1685422800000,1898.10000000,1899.34000000,1892.72000000,1898.01000000,8668.61830000,1685426399999,16438056.07204300,13962,3981.14060000,7548656.03875500,0
1685426400000,1898.01000000,1903.57000000,1898.00000000,1902.55000000,8555.33540000,1685429999999,16267377.73389400,16837,4679.56580000,8897399.98348000,0
1685430000000,1902.55000000,1905.00000000,1898.22000000,1898.23000000,7601.79980000,1685433599999,14455822.48378000,18502,2978.94710000,5665389.85561500,0
1685433600000,1898.22000000,1904.80000000,1898.22000000,1902.24000000,8621.38880000,1685437199999,16400701.38480100,15113,3899.87770000,7417612.26439200,0
1685437200000,1902.25000000,1908.88000000,1902.24000000,1906.86000000,8847.59030000,1685440799999,16864786.54340500,16097,4333.49270000,8259610.20009400,0
1685440800000,1906.85000000,1917.00000000,1906.51000000,1907.41000000,17476.59080000,1685444399999,33401408.10657100,23952,9732.36880000,18600285.94268800,0
1685444400000,1907.41000000,1915.97000000,1905.54000000,1915.40000000,11981.19160000,1685447999999,22910858.17085300,18425,7300.57550000,13960341.49039200,0
1685448000000,1915.40000000,1915.70000000,1904.16000000,1909.73000000,13472.00440000,1685451599999,25730892.23933900,22451,5552.19260000,10604402.05503000,0
1685451600000,1909.73000000,1914.24000000,1902.72000000,1905.43000000,19668.02830000,1685455199999,37556650.00515500,24955,8369.71300000,15982384.77885800,0
1685455200000,1905.43000000,1910.20000000,1896.20000000,1896.88000000,23896.79010000,1685458799999,45489689.95405200,29535,12185.88360000,23197416.44150000,0
1685458800000,1896.87000000,1904.05000000,1894.11000000,1900.56000000,15128.69920000,1685462399999,28740633.00075800,22221,8454.64760000,16062110.79205600,0
1685462400000,1900.56000000,1905.80000000,1891.33000000,1904.22000000,16684.67470000,1685465999999,31698562.53731800,22262,7163.87640000,13611725.60794700,0
1685466000000,1904.23000000,1912.64000000,1897.61000000,1902.80000000,13657.17990000,1685469599999,26006384.35646000,18856,6123.27150000,11660634.28408200,0
1685469600000,1902.81000000,1909.99000000,1900.84000000,1908.02000000,10215.01230000,1685473199999,19470024.94831300,14649,4565.58460000,8702102.51562400,0
1685473200000,1908.01000000,1908.40000000,1905.00000000,1907.32000000,6812.70570000,1685476799999,12992285.75597500,12028,3423.63240000,6528776.53924600,0
1685476800000,1907.33000000,1907.40000000,1901.92000000,1903.72000000,9833.38800000,1685480399999,18730161.87426000,15627,5024.13840000,9569256.47625400,0
1685480400000,1903.72000000,1914.78000000,1902.43000000,1905.59000000,9657.80080000,1685483999999,18428987.19600600,14836,5743.13520000,10960122.11744000,0
1685484000000,1905.60000000,1905.97000000,1898.96000000,1904.40000000,5258.59420000,1685487599999,10007591.42985900,10706,2598.92990000,4945431.87126700,0
1685487600000,1904.41000000,1904.76000000,1897.35000000,1900.59000000,7697.49630000,1685491199999,14624895.45000000,12400,3288.10440000,6246789.77170900,0
1685491200000,1900.58000000,1905.27000000,1898.14000000,1904.96000000,5532.63940000,1685494799999,10519772.61268100,14904,3332.07310000,6336014.10937800,0
1685494800000,1904.97000000,1907.13000000,1902.40000000,1903.20000000,5934.03830000,1685498399999,11303774.49491500,11071,2217.73440000,4224416.58957900,0
1685498400000,1903.21000000,1903.21000000,1884.29000000,1896.00000000,19892.96790000,1685501999999,37653521.17127900,27213,9602.58950000,18172189.82214800,0
1685502000000,1895.99000000,1897.95000000,1892.81000000,1897.71000000,5046.65920000,1685505599999,9567740.92915200,11425,1980.45920000,3754812.20899100,0
1685505600000,1897.71000000,1898.53000000,1870.00000000,1874.01000000,32418.50070000,1685509199999,61120522.83571700,35398,14695.23610000,27705049.56882800,0
1685509200000,1874.01000000,1875.62000000,1859.50000000,1864.23000000,41457.98510000,1685512799999,77473983.80036000,44649,18597.87540000,34750752.26472200,0
1685512800000,1864.23000000,1867.88000000,1857.67000000,1867.80000000,20024.23300000,1685516399999,37317214.94705900,23164,9671.24970000,18022091.40262700,0
1685516400000,1867.81000000,1873.23000000,1865.32000000,1869.31000000,11883.40790000,1685519999999,22218411.28612300,17203,4870.20430000,9106405.88880200,0
1685520000000,1869.30000000,1873.46000000,1867.02000000,1868.26000000,11646.93480000,1685523599999,21779991.40425900,17307,5597.02210000,10466090.11216700,0
1685523600000,1868.26000000,1871.10000000,1866.42000000,1869.85000000,11072.94650000,1685527199999,20694675.71726900,16165,5263.02600000,9835611.01157400,0
1685527200000,1869.86000000,1871.54000000,1864.47000000,1865.81000000,6725.79890000,1685530799999,12565268.32221200,13250,2757.62520000,5151704.63386400,0
1685530800000,1865.81000000,1868.59000000,1862.20000000,1865.19000000,8656.35680000,1685534399999,16152925.44829400,15652,3905.33970000,7287335.37171700,0
1685534400000,1865.20000000,1868.90000000,1862.89000000,1866.47000000,6511.85890000,1685537999999,12151963.13962100,13596,3268.93420000,6099984.63820700,0
1685538000000,1866.47000000,1875.02000000,1866.06000000,1868.87000000,17461.90930000,1685541599999,32677744.13640900,23355,9390.67490000,17571840.70524700,0
1685541600000,1868.86000000,1868.87000000,1846.95000000,1861.40000000,36362.93630000,1685545199999,67582947.62619300,40906,17643.89730000,32791432.35444000,0
1685545200000,1861.41000000,1862.77000000,1855.00000000,1857.94000000,14128.18450000,1685548799999,26261132.30949000,20584,5905.46860000,10979329.15198900,0
1685548800000,1857.95000000,1862.28000000,1854.28000000,1859.90000000,9537.50740000,1685552399999,17734445.99892800,15108,4671.81650000,8686887.92336700,0
1685552400000,1859.90000000,1868.34000000,1859.36000000,1865.90000000,10839.62010000,1685555999999,20201561.06427200,16115,5258.40880000,9800566.81018800,0
1685556000000,1865.89000000,1866.89000000,1861.93000000,1864.01000000,9524.85890000,1685559599999,17762174.73895600,12457,4071.78820000,7592859.51698600,0
1685559600000,1864.00000000,1869.75000000,1861.62000000,1863.63000000,7481.48730000,1685563199999,13958142.58865200,12990,3109.62550000,5800020.04580500,0
1685563200000,1863.63000000,1868.80000000,1863.20000000,1865.18000000,5792.02520000,1685566799999,10808976.47303600,14175,2874.18720000,5363769.81826600,0
1685566800000,1865.17000000,1866.19000000,1861.48000000,1864.20000000,4703.47530000,1685570399999,8767031.11193700,10517,2218.96820000,4135988.90173600,0
1685570400000,1864.19000000,1871.27000000,1863.72000000,1869.42000000,6868.34990000,1685573999999,12822466.29656900,10131,3404.99870000,6357285.33269500,0
1685574000000,1869.43000000,1878.14000000,1868.11000000,1873.63000000,9750.88650000,1685577599999,18264007.09065100,13798,5141.88420000,9631577.85893700,0
1685577600000,1873.63000000,1889.20000000,1868.14000000,1871.27000000,30398.84490000,1685581199999,57157255.23458200,40143,15202.34650000,28578307.17759600,0
1685581200000,1871.27000000,1879.54000000,1871.11000000,1874.17000000,11487.30810000,1685584799999,21554599.56146300,15849,5885.26910000,11041579.94358800,0
1685584800000,1874.17000000,1875.04000000,1848.87000000,1852.60000000,25516.78890000,1685588399999,47415820.21502700,30162,12257.19670000,22770861.46964900,0
1685588400000,1852.61000000,1858.33000000,1840.00000000,1855.50000000,18501.46010000,1685591999999,34242701.29653000,27040,9182.78460000,16995901.97668300,0
1685592000000,1855.50000000,1856.49000000,1852.22000000,1854.57000000,7902.45120000,1685595599999,14656972.88943100,13403,3385.47820000,6278956.14837200,0
1685595600000,1854.57000000,1858.04000000,1853.85000000,1855.65000000,5089.55880000,1685599199999,9449451.66004600,10576,2640.32590000,4901891.69465100,0
1685599200000,1855.66000000,1857.28000000,1853.70000000,1855.01000000,7309.05890000,1685602799999,13563168.81265800,13909,4234.46510000,7857566.72586400,0
1685602800000,1855.02000000,1860.38000000,1851.40000000,1854.21000000,8729.71550000,1685606399999,16195836.32839900,16603,4166.11000000,7729774.36129100,0
1685606400000,1854.22000000,1861.34000000,1852.02000000,1860.61000000,6752.84640000,1685609999999,12537533.56844700,13785,3396.02860000,6304392.19839300,0
1685610000000,1860.60000000,1865.96000000,1860.46000000,1862.11000000,8247.66740000,1685613599999,15362528.39004100,13649,4105.55570000,7647598.76839100,0
1685613600000,1862.11000000,1863.19000000,1859.34000000,1859.64000000,4588.07570000,1685617199999,8539564.09097400,11467,2154.22340000,4009629.96635900,0
1685617200000,1859.64000000,1862.20000000,1858.00000000,1861.50000000,4526.09940000,1685620799999,8419706.37597300,11493,2480.81940000,4614867.66038400,0
1685620800000,1861.50000000,1866.11000000,1857.40000000,1864.61000000,9690.34220000,1685624399999,18037470.92795700,16407,5423.27450000,10094721.95446600,0
1685624400000,1864.62000000,1866.56000000,1859.37000000,1861.10000000,8490.63570000,1685627999999,15817451.35263300,16726,4001.73630000,7455540.19054000,0
1685628000000,1861.11000000,1865.87000000,1855.68000000,1860.37000000,14447.45300000,1685631599999,26879953.44520200,18897,6407.64180000,11921654.28820700,0
1685631600000,1860.37000000,1864.54000000,1858.09000000,1863.36000000,6930.91240000,1685635199999,12905644.69199900,15512,3758.23760000,6998121.06621600,0
1685635200000,1863.36000000,1882.86000000,1860.91000000,1876.36000000,21201.97620000,1685638799999,39655881.63978800,26025,10870.29930000,20331210.98591900,0
1685638800000,1876.35000000,1880.33000000,1868.15000000,1870.65000000,14679.73820000,1685642399999,27512860.12313000,21939,7436.57430000,13936968.14254300,0
1685642400000,1870.65000000,1877.28000000,1870.38000000,1873.79000000,8034.66010000,1685645999999,15052882.43713700,12899,3974.52670000,7445934.83389000,0
1685646000000,1873.80000000,1875.35000000,1857.02000000,1869.27000000,16462.13860000,1685649599999,30699975.41938400,22182,7401.47020000,13796196.76849500,0
1685649600000,1869.28000000,1873.04000000,1867.66000000,1869.01000000,7330.33780000,1685653199999,13709425.23175900,14804,3151.93910000,5894942.14458300,0
1685653200000,1869.02000000,1873.60000000,1867.34000000,1868.94000000,5931.65100000,1685656799999,11097989.63576300,10478,3053.89750000,5713522.90545400,0
1685656800000,1868.94000000,1869.77000000,1864.04000000,1867.45000000,6688.98890000,1685660399999,12488892.41536200,10682,3245.81020000,6059638.00203400,0
1685660400000,1867.46000000,1867.75000000,1852.66000000,1861.78000000,11557.90030000,1685663999999,21494671.52969500,18269,4970.92170000,9242955.83566300,0
1685664000000,1861.78000000,1864.60000000,1847.51000000,1864.53000000,21069.93440000,1685667599999,39135596.15550200,33195,9661.63910000,17944443.22172600,0
1685667600000,1864.53000000,1870.00000000,1859.20000000,1867.96000000,10800.47600000,1685671199999,20152154.23056300,18424,5386.97550000,10051978.75589600,0
1685671200000,1867.96000000,1880.62000000,1867.89000000,1877.57000000,15258.27550000,1685674799999,28622920.40623200,23227,7709.78900000,14461764.80376900,0
1685674800000,1877.58000000,1879.96000000,1875.00000000,1878.64000000,7049.80380000,1685678399999,13229813.62546100,10725,3944.75360000,7403262.22128300,0
1685678400000,1878.64000000,1888.78000000,1875.68000000,1886.20000000,19487.40380000,1685681999999,36719437.88900400,25696,9051.11580000,17051354.22630500,0
1685682000000,1886.20000000,1897.40000000,1886.20000000,1893.38000000,18537.65560000,1685685599999,35081585.24653000,23028,9070.41250000,17163573.65411400,0
1685685600000,1893.39000000,1893.39000000,1889.07000000,1889.81000000,10439.18630000,1685689199999,19743377.44755600,19545,6066.86830000,11473898.69681400,0
1685689200000,1889.81000000,1890.51000000,1885.14000000,1885.65000000,12274.38250000,1685692799999,23171252.32915100,19585,6206.46810000,11716803.69014100,0
1685692800000,1885.64000000,1893.88000000,1885.64000000,1892.35000000,13437.24020000,1685696399999,25400328.55223000,17828,8946.08470000,16909734.62668100,0
1685696400000,1892.36000000,1894.67000000,1889.41000000,1889.84000000,10038.35110000,1685699999999,18989982.89124100,15615,5216.14870000,9868431.67221400,0
1685700000000,1889.83000000,1892.10000000,1889.03000000,1892.09000000,7159.59300000,1685703599999,13533719.79580700,12388,3792.24680000,7168334.10406100,0
1685703600000,1892.10000000,1900.64000000,1891.23000000,1894.96000000,13858.60120000,1685707199999,26258939.71684800,18856,6914.77000000,13101700.41957300,0
1685707200000,1894.95000000,1899.00000000,1881.00000000,1889.90000000,25946.91640000,1685710799999,49099572.50138400,34693,12243.36720000,23168078.62527800,0
1685710800000,1889.90000000,1893.40000000,1876.65000000,1879.41000000,22861.43600000,1685714399999,43092615.22575300,29208,10661.06150000,20092560.15524400,0
1685714400000,1879.42000000,1887.84000000,1877.66000000,1885.31000000,14557.55650000,1685717999999,27406625.84335700,19907,6841.79600000,12880859.38147100,0
1685718000000,1885.31000000,1893.60000000,1885.30000000,1892.00000000,8869.66160000,1685721599999,16754239.44143400,17188,4768.21670000,9008392.41827100,0
1685721600000,1892.01000000,1894.34000000,1887.56000000,1888.91000000,9671.74060000,1685725199999,18288042.98403800,13724,4106.70210000,7765632.58480400,0
1685725200000,1888.92000000,1893.62000000,1887.05000000,1893.29000000,5648.58130000,1685728799999,10681799.17517600,11311,2644.06800000,4999885.05645400,0
1685728800000,1893.30000000,1910.00000000,1890.77000000,1909.37000000,24296.82480000,1685732399999,46212250.16187100,28291,12783.99740000,24320548.59599600,0
1685732400000,1909.37000000,1910.00000000,1905.50000000,1907.60000000,17424.26850000,1685735999999,33243908.87577200,20430,8294.88050000,15825321.95500800,0
1685736000000,1907.61000000,1910.00000000,1904.64000000,1904.64000000,7310.04220000,1685739599999,13944480.66114300,14398,3558.53880000,6789105.52028600,0
1685739600000,1904.65000000,1906.15000000,1902.62000000,1904.36000000,5094.69080000,1685743199999,9701252.40552300,10392,2330.58270000,4437852.96376600,0
1685743200000,1904.36000000,1908.47000000,1903.96000000,1906.18000000,7320.57040000,1685746799999,13954437.31407600,10957,4779.53540000,9110414.16844900,0
1685746800000,1906.17000000,1907.20000000,1904.55000000,1906.68000000,4590.87330000,1685750399999,8751150.22379500,8177,2894.02190000,5516603.47546200,0
1685750400000,1906.69000000,1907.92000000,1902.32000000,1903.29000000,10272.74280000,1685753999999,19578460.42601100,18833,5052.65920000,9629802.96010900,0
1685754000000,1903.30000000,1905.51000000,1897.42000000,1900.12000000,11103.87580000,1685757599999,21116082.39689700,12886,6280.70140000,11944500.41095400,0
1685757600000,1900.11000000,1901.81000000,1899.24000000,1899.32000000,3177.20350000,1685761199999,6038704.46020000,7800,1596.05400000,3033313.15095600,0
1685761200000,1899.32000000,1901.67000000,1899.02000000,1899.84000000,4909.90310000,1685764799999,9328940.07196600,8760,2408.74280000,4576553.50365800,0
1685764800000,1899.84000000,1901.85000000,1897.44000000,1901.35000000,4749.80460000,1685768399999,9021716.94298800,8579,2922.27900000,5550945.12781400,0
1685768400000,1901.35000000,1902.51000000,1900.24000000,1900.71000000,4389.77010000,1685771999999,8347669.48692000,8340,2285.52620000,4346183.11427400,0
1685772000000,1900.72000000,1905.66000000,1900.71000000,1903.99000000,5894.54030000,1685775599999,11221563.90445400,14198,2745.34350000,5225875.11933200,0
1685775600000,1903.99000000,1905.66000000,1902.54000000,1902.71000000,5032.79480000,1685779199999,9582696.94905400,14384,2317.14780000,4411794.22003700,0
1685779200000,1902.72000000,1903.70000000,1902.10000000,1902.55000000,3088.57780000,1685782799999,5877354.89333700,10842,1404.62300000,2672886.16173100,0
1685782800000,1902.55000000,1904.15000000,1901.23000000,1903.93000000,4168.79810000,1685786399999,7932155.84721900,9484,2427.45900000,4618966.49511300,0
1685786400000,1903.93000000,1906.07000000,1899.00000000,1903.82000000,7769.37570000,1685789999999,14783066.86812100,13176,3238.81980000,6161424.84329700,0
1685790000000,1903.83000000,1906.70000000,1902.74000000,1903.72000000,7416.96350000,1685793599999,14124789.17768300,12746,3448.72890000,6568357.06796400,0
1685793600000,1903.72000000,1906.61000000,1903.64000000,1903.97000000,3566.62840000,1685797199999,6793679.41845900,11534,1629.39070000,3103601.28124500,0
1685797200000,1903.97000000,1904.22000000,1899.25000000,1901.60000000,5488.70810000,1685800799999,10441657.83734900,13092,2049.66780000,3898472.19054100,0
1685800800000,1901.60000000,1902.66000000,1899.37000000,1900.11000000,4398.25330000,1685804399999,8362666.00090400,11173,2033.49630000,3866284.44171000,0
1685804400000,1900.11000000,1904.59000000,1891.23000000,1903.18000000,13699.76880000,1685807999999,26021479.66787300,21701,6054.73920000,11500516.28190200,0
1685808000000,1903.19000000,1903.71000000,1898.16000000,1898.60000000,5782.90780000,1685811599999,10996226.05678300,12489,2316.99180000,4405670.29319200,0
1685811600000,1898.61000000,1898.62000000,1888.02000000,1890.32000000,11702.67920000,1685815199999,22152453.33316500,17604,5403.08270000,10227850.96806100,0
1685815200000,1890.33000000,1893.99000000,1887.42000000,1891.35000000,5351.88930000,1685818799999,10121354.46060400,12185,2538.84650000,4801143.15548600,0
1685818800000,1891.36000000,1892.50000000,1882.33000000,1886.14000000,9833.61240000,1685822399999,18565519.65977200,15384,5117.27260000,9661677.83686200,0
1685822400000,1886.13000000,1890.48000000,1884.58000000,1887.85000000,4735.01400000,1685825999999,8940130.38081000,9515,2438.98650000,4604933.00790000,0
1685826000000,1887.85000000,1889.68000000,1881.60000000,1889.16000000,6905.56780000,1685829599999,13031903.16095700,11102,2904.08440000,5480309.34563400,0
1685829600000,1889.16000000,1892.43000000,1888.97000000,1891.37000000,3110.01040000,1685833199999,5879812.21858400,10410,1650.62370000,3120385.18981800,0
1685833200000,1891.37000000,1892.42000000,1889.53000000,1892.06000000,2268.85310000,1685836799999,4290306.32657800,6295,982.83470000,1858481.78175600,0
1685836800000,1892.05000000,1892.82000000,1887.94000000,1887.97000000,4019.07720000,1685840399999,7600920.75638500,10414,1413.31570000,2672929.26352000,0
1685840400000,1887.97000000,1892.90000000,1884.22000000,1890.39000000,5230.04870000,1685843999999,9882164.88521000,10540,2807.77030000,5305410.97442700,0
1685844000000,1890.40000000,1895.03000000,1890.04000000,1894.57000000,3833.64440000,1685847599999,7254929.58782300,8194,2231.68590000,4223424.71133000,0
1685847600000,1894.56000000,1894.87000000,1892.61000000,1894.09000000,3443.09630000,1685851199999,6520452.21225800,8008,1546.65350000,2928910.42691800,0
1685851200000,1894.09000000,1896.14000000,1893.69000000,1894.55000000,3574.98700000,1685854799999,6773047.91582300,7943,1401.93280000,2655932.72561400,0
1685854800000,1894.56000000,1894.56000000,1890.87000000,1891.77000000,2358.62240000,1685858399999,4464097.36820000,6110,1045.45270000,1978486.03299800,0
1685858400000,1891.76000000,1901.36000000,1891.08000000,1898.33000000,6614.06680000,1685861999999,12537028.35159000,13600,4209.11580000,7977107.71401700,0
1685862000000,1898.34000000,1900.81000000,1898.33000000,1900.21000000,5323.79090000,1685865599999,10113076.28988900,10429,2447.91970000,4650097.71055200,0
1685865600000,1900.21000000,1901.58000000,1898.61000000,1899.27000000,5405.55020000,1685869199999,10270963.53397500,11367,1624.15760000,3085871.04191400,0
1685869200000,1899.26000000,1908.61000000,1899.26000000,1905.72000000,9333.50070000,1685872799999,17776877.26651500,15980,5410.64420000,10303603.17077200,0
1685872800000,1905.72000000,1906.17000000,1903.49000000,1905.00000000,3774.47770000,1685876399999,7189535.59127200,9127,1776.64460000,3383973.61907000,0
1685876400000,1904.99000000,1905.50000000,1902.30000000,1903.08000000,3278.87950000,1685879999999,6242467.34590800,9254,1616.92610000,3078306.72366300,0
1685880000000,1903.07000000,1904.81000000,1901.41000000,1904.43000000,5389.99170000,1685883599999,10258812.92866400,10195,2360.74520000,4493398.81507900,0
1685883600000,1904.43000000,1914.63000000,1903.06000000,1907.51000000,14262.13160000,1685887199999,27203160.01381700,18457,8762.16620000,16713089.51119800,0
1685887200000,1907.52000000,1908.38000000,1900.00000000,1905.50000000,13258.26780000,1685890799999,25237060.30577400,17625,5846.75180000,11130544.93415300,0
1685890800000,1905.51000000,1906.31000000,1901.53000000,1901.76000000,6183.39160000,1685894399999,11773140.76845200,10908,3091.58980000,5886151.26281500,0
1685894400000,1901.76000000,1902.26000000,1896.17000000,1897.60000000,8300.73720000,1685897999999,15764066.97919300,13670,3391.13620000,6439203.77590500,0
1685898000000,1897.60000000,1900.10000000,1897.11000000,1899.00000000,4597.85990000,1685901599999,8731487.98014200,9275,1592.76500000,3024707.64511200,0
1685901600000,1899.01000000,1903.93000000,1899.00000000,1903.16000000,5142.70880000,1685905199999,9778863.55543100,9536,2960.81950000,5629382.67050800,0
1685905200000,1903.16000000,1905.62000000,1902.62000000,1904.66000000,3056.23920000,1685908799999,5819310.12102100,8274,1378.74470000,2625134.94999300,0
1685908800000,1904.66000000,1905.91000000,1903.79000000,1904.39000000,3190.90090000,1685912399999,6078190.45263500,7995,1467.08190000,2794500.88031100,0
1685912400000,1904.38000000,1906.79000000,1901.21000000,1902.00000000,4651.83920000,1685915999999,8859637.57225200,10291,2229.69410000,4246606.72463900,0
1685916000000,1902.01000000,1912.89000000,1899.09000000,1901.61000000,24824.83070000,1685919599999,47318420.87661300,24404,12984.96230000,24743966.32707800,0
1685919600000,1901.61000000,1904.37000000,1885.00000000,1890.01000000,23634.37150000,1685923199999,44719186.40351200,28377,12184.44450000,23055612.62644000,0
1685923200000,1890.00000000,1890.63000000,1875.67000000,1882.12000000,20148.87530000,1685926799999,37973453.38933700,26083,9694.34020000,18269634.44487100,0
1685926800000,1882.12000000,1885.00000000,1875.45000000,1884.25000000,9549.57270000,1685930399999,17963370.63623100,17250,5178.38540000,9740482.92823800,0
1685930400000,1884.25000000,1887.00000000,1868.80000000,1875.00000000,13725.06130000,1685933999999,25778178.89936500,20027,6390.72650000,12003777.26380900,0
1685934000000,1875.00000000,1875.00000000,1866.62000000,1869.65000000,26529.81090000,1685937599999,49651609.01054000,25410,13406.54710000,25088418.03685800,0
1685937600000,1869.64000000,1873.37000000,1865.50000000,1870.20000000,9449.99410000,1685941199999,17675800.08284200,15540,3592.55680000,6719870.35804800,0
1685941200000,1870.20000000,1871.34000000,1861.76000000,1870.50000000,10900.73520000,1685944799999,20353099.30988500,17258,4978.43480000,9295401.68821300,0
1685944800000,1870.50000000,1872.00000000,1869.25000000,1869.51000000,6389.24050000,1685948399999,11950997.62459300,15495,2651.58760000,4959859.20529000,0
1685948400000,1869.51000000,1873.40000000,1868.74000000,1873.40000000,5248.96910000,1685951999999,9823725.51330300,15418,2428.13600000,4544438.19891500,0
1685952000000,1873.40000000,1873.81000000,1869.19000000,1869.92000000,8234.56890000,1685955599999,15410187.03628800,13320,4119.09440000,7708060.02569500,0
1685955600000,1869.92000000,1873.43000000,1868.66000000,1869.62000000,4837.84420000,1685959199999,9051514.03966200,11900,2415.98270000,4520167.72256400,0
1685959200000,1869.61000000,1870.50000000,1863.77000000,1864.33000000,10155.99400000,1685962799999,18962091.94017100,15628,4056.65770000,7575117.84755900,0
1685962800000,1864.34000000,1870.62000000,1862.94000000,1869.51000000,8376.43470000,1685966399999,15642603.09100000,14495,3774.05050000,7046787.35849100,0
1685966400000,1869.50000000,1870.50000000,1862.21000000,1864.80000000,14106.05280000,1685969999999,26329736.71796600,18984,5201.29940000,9704703.68932700,0
1685970000000,1864.80000000,1869.77000000,1859.04000000,1867.47000000,14210.44160000,1685973599999,26511729.42955900,23766,6907.60490000,12888589.37374100,0
1685973600000,1867.47000000,1871.20000000,1863.73000000,1867.99000000,11813.12930000,1685977199999,22061325.84254300,18525,4599.87760000,8590224.40534200,0
1685977200000,1867.99000000,1868.50000000,1820.29000000,1820.60000000,82842.70390000,1685980799999,153065151.05139900,89483,36999.30600000,68348785.48844400,0
1685980800000,1820.69000000,1823.90000000,1778.00000000,1813.24000000,124135.81430000,1685984399999,223593859.01177600,148423,66011.42300000,118856478.62178400,0
1685984400000,1813.24000000,1818.61000000,1804.00000000,1816.59000000,68276.08380000,1685987999999,123631746.12720600,48746,24079.11580000,43603440.13856000,0
1685988000000,1816.59000000,1816.60000000,1804.06000000,1806.97000000,24834.12840000,1685991599999,44942331.91443200,27140,11474.44020000,20771390.13633800,0
1685991600000,1806.97000000,1809.29000000,1796.56000000,1806.49000000,26760.85470000,1685995199999,48279399.95749600,30255,11194.33300000,20198191.56826300,0
1685995200000,1806.50000000,1808.50000000,1803.10000000,1804.99000000,10415.80410000,1685998799999,18810055.69938500,18305,5646.56720000,10196800.58765700,0
1685998800000,1805.00000000,1807.05000000,1793.01000000,1807.02000000,18489.14790000,1686002399999,33296901.79935600,23749,8360.60800000,15053227.64465500,0
1686002400000,1807.01000000,1809.80000000,1804.91000000,1807.17000000,9058.68630000,1686005999999,16370452.23982100,14825,3795.47560000,6859300.74581300,0
1686006000000,1807.18000000,1815.88000000,1806.55000000,1810.50000000,16871.32030000,1686009599999,30560288.99810000,18854,6678.09460000,12095688.28097400,0
1686009600000,1810.49000000,1812.00000000,1808.86000000,1810.91000000,9848.85740000,1686013199999,17831872.96138300,18529,5013.99110000,9078052.82759300,0
1686013200000,1810.90000000,1811.35000000,1804.50000000,1805.32000000,10087.81170000,1686016799999,18228519.39637700,14369,4125.22500000,7454853.14014200,0
1686016800000,1805.32000000,1813.76000000,1803.15000000,1813.55000000,11564.56990000,1686020399999,20919751.58098900,15185,5227.48770000,9460090.16392100,0
1686020400000,1813.55000000,1813.56000000,1810.45000000,1811.80000000,5460.41160000,1686023999999,9893785.54621000,10490,3063.22460000,5550155.16490600,0
1686024000000,1811.80000000,1818.90000000,1811.17000000,1818.26000000,6876.89410000,1686027599999,12480000.73755000,11952,4416.51150000,8014892.47448300,0
1686027600000,1818.27000000,1819.18000000,1814.65000000,1816.08000000,8401.39780000,1686031199999,15268502.22520900,13111,4248.86510000,7720670.35969400,0
1686031200000,1816.07000000,1817.00000000,1813.10000000,1813.22000000,6579.68020000,1686034799999,11938989.24872200,15430,2977.93700000,5404001.62697100,0
1686034800000,1813.23000000,1817.28000000,1811.96000000,1813.35000000,6970.98640000,1686038399999,12650258.96268700,12404,4014.96560000,7286274.47122100,0
1686038400000,1813.35000000,1816.83000000,1813.35000000,1815.82000000,6201.31740000,1686041999999,11256236.94031000,12002,2727.58550000,4950668.44573900,0
1686042000000,1815.83000000,1820.51000000,1814.67000000,1817.00000000,7724.86570000,1686045599999,14033815.64345200,14807,3376.77560000,6134935.68144100,0
1686045600000,1817.01000000,1822.60000000,1817.00000000,1818.42000000,6928.12170000,1686049199999,12604670.12188200,14810,3496.81060000,6362013.88291200,0
1686049200000,1818.42000000,1818.98000000,1809.19000000,1813.32000000,12190.74500000,1686052799999,22112930.88653800,17992,4019.44630000,7291728.26055100,0
1686052800000,1813.33000000,1817.82000000,1797.18000000,1805.54000000,39468.64570000,1686056399999,71345207.53216500,44338,18470.90290000,33390315.80622600,0
1686056400000,1805.54000000,1820.54000000,1797.90000000,1817.44000000,31875.94260000,1686059999999,57676623.34236000,40244,15703.23950000,28418408.93376900,0
1686060000000,1817.44000000,1841.29000000,1817.43000000,1838.49000000,49041.06000000,1686063599999,89850878.12210500,56227,25275.93610000,46300531.94797500,0
1686063600000,1838.50000000,1846.48000000,1834.30000000,1842.22000000,25131.89210000,1686067199999,46237277.81066000,32025,14025.93740000,25803712.51443200,0
1686067200000,1842.22000000,1869.78000000,1842.21000000,1863.66000000,42393.47110000,1686070799999,78507646.11734100,48018,22461.39630000,41593606.24475700,0
1686070800000,1863.66000000,1887.74000000,1857.98000000,1875.11000000,53963.83150000,1686074399999,101102944.82732100,60345,25505.16740000,47786252.14368400,0
1686074400000,1875.10000000,1878.21000000,1872.96000000,1874.75000000,18085.09640000,1686077999999,33919217.38375400,20013,8973.26060000,16829706.14248900,0
1686078000000,1874.74000000,1898.29000000,1873.40000000,1891.82000000,31411.18050000,1686081599999,59227055.85108200,37628,16081.56640000,30319368.73169300,0
1686081600000,1891.82000000,1895.50000000,1874.15000000,1876.58000000,62663.86770000,1686085199999,118069774.98434100,55269,39048.19430000,73573059.51473500,0
1686085200000,1876.58000000,1881.00000000,1874.27000000,1879.67000000,10311.95240000,1686088799999,19370636.19846600,15518,4983.96490000,9361860.34951900,0
1686088800000,1879.67000000,1884.39000000,1878.00000000,1882.62000000,8533.61430000,1686092399999,16046223.61893600,13456,4929.06420000,9267794.15025100,0
1686092400000,1882.63000000,1888.21000000,1878.54000000,1884.64000000,19691.00420000,1686095999999,37087539.38612600,22039,11930.56880000,22470955.57482800,0
1686096000000,1884.65000000,1897.80000000,1881.57000000,1885.61000000,30045.89400000,1686099599999,56733948.99021900,28779,16862.04480000,31842276.33667300,0
1686099600000,1885.61000000,1886.50000000,1878.05000000,1879.00000000,13285.82080000,1686103199999,24992901.99658700,21618,6083.30910000,11442011.52237000,0
1686103200000,1879.00000000,1880.92000000,1874.11000000,1876.65000000,10394.05780000,1686106799999,19512915.65348800,20140,4810.34200000,9030000.27682400,0
1686106800000,1876.65000000,1878.60000000,1871.59000000,1877.48000000,12442.15880000,1686110399999,23336241.57381200,21641,6002.50510000,11258404.93731800,0
1686110400000,1877.47000000,1880.00000000,1876.53000000,1879.04000000,6538.32540000,1686113999999,12281141.87906000,12481,3502.07430000,6578294.56201100,0
1686114000000,1879.03000000,1881.50000000,1877.56000000,1879.98000000,7855.74860000,1686117599999,14766418.54468100,12643,4078.30710000,7666039.75401700,0
1686117600000,1879.97000000,1883.76000000,1876.38000000,1876.45000000,12156.72430000,1686121199999,22862642.36610200,21130,6637.66550000,12484315.93026300,0
1686121200000,1876.44000000,1879.51000000,1874.62000000,1875.05000000,8873.26550000,1686124799999,16654778.94033600,19220,3834.08470000,7196691.59938000,0
1686124800000,1875.05000000,1876.39000000,1872.77000000,1874.71000000,7815.34150000,1686128399999,14650321.01340200,15352,3588.68480000,6727161.63968300,0
1686128400000,1874.70000000,1874.71000000,1850.28000000,1852.00000000,29093.62240000,1686131999999,54209485.52472300,37653,12037.45620000,22426484.49498100,0
1686132000000,1852.01000000,1860.75000000,1842.57000000,1857.69000000,32275.65040000,1686135599999,59755328.53032400,36877,16464.65940000,30483204.25858400,0
1686135600000,1857.69000000,1878.09000000,1856.87000000,1870.23000000,17206.08310000,1686139199999,32124789.44708600,29626,8765.86370000,16361122.74024600,0
1686139200000,1870.23000000,1870.84000000,1860.84000000,1864.96000000,11826.93690000,1686142799999,22061576.40746200,20969,6019.52050000,11225909.22827000,0
1686142800000,1864.96000000,1868.04000000,1857.35000000,1864.60000000,15781.15680000,1686146399999,29395206.35809800,26133,8237.35890000,15342022.03325000,0
1686146400000,1864.60000000,1864.60000000,1838.83000000,1844.34000000,43228.00470000,1686149999999,79923670.01705400,52988,19001.79830000,35121644.34144400,0
1686150000000,1844.34000000,1852.31000000,1835.13000000,1839.00000000,30781.41830000,1686153599999,56732514.44003700,40980,15719.90800000,28974214.30881200,0
1686153600000,1839.00000000,1845.27000000,1832.71000000,1840.33000000,19834.96630000,1686157199999,36471977.11627000,28513,9214.46930000,16943987.51346800,0
1686157200000,1840.32000000,1850.89000000,1835.73000000,1850.00000000,28090.41470000,1686160799999,51830021.65648300,28749,10314.58980000,19025523.54514900,0
1686160800000,1850.01000000,1852.50000000,1848.05000000,1849.48000000,21502.30910000,1686164399999,39786014.85047100,21987,5818.34930000,10765145.30173000,0
1686164400000,1849.47000000,1851.77000000,1847.36000000,1850.36000000,7639.74540000,1686167999999,14132373.79006300,12908,2553.43430000,4723182.51917800,0
1686168000000,1850.37000000,1851.00000000,1839.00000000,1841.58000000,12079.77400000,1686171599999,22261067.15881000,19955,5673.42950000,10454315.81923400,0
1686171600000,1841.57000000,1844.28000000,1821.39000000,1822.64000000,22133.48080000,1686175199999,40590987.48208500,28002,11704.83450000,21460779.93739800,0
1686175200000,1822.64000000,1834.26000000,1821.18000000,1829.72000000,21203.60130000,1686178799999,38772248.47246500,23647,11006.42690000,20124963.85358500,0
1686178800000,1829.72000000,1833.48000000,1825.08000000,1832.13000000,7112.20550000,1686182399999,13018116.65759500,12080,3143.68330000,5753571.28057800,0
1686182400000,1832.12000000,1838.29000000,1831.00000000,1835.52000000,8427.28870000,1686185999999,15457044.54478300,19354,4254.39870000,7803318.01226000,0
1686186000000,1835.52000000,1839.92000000,1835.28000000,1838.49000000,6095.02700000,1686189599999,11203513.33910300,11578,3104.71490000,5706947.30935300,0
1686189600000,1838.49000000,1841.45000000,1837.05000000,1837.50000000,5046.74950000,1686193199999,9281600.00375900,10174,2337.22830000,4298273.39667200,0
1686193200000,1837.50000000,1837.51000000,1828.31000000,1834.96000000,8618.74120000,1686196799999,15800050.46670900,16820,3535.41090000,6480218.73983800,0
1686196800000,1834.97000000,1839.33000000,1834.64000000,1838.58000000,5486.98710000,1686200399999,10082176.02168800,11718,2614.92650000,4804693.49309200,0
1686200400000,1838.58000000,1841.06000000,1836.43000000,1836.83000000,4845.02840000,1686203999999,8908416.45791000,10635,2113.86490000,3886704.69375600,0
1686204000000,1836.83000000,1846.05000000,1833.00000000,1840.17000000,11388.13450000,1686207599999,20933889.50493800,20021,4936.41460000,9077903.93567300,0
1686207600000,1840.17000000,1846.00000000,1839.26000000,1842.00000000,6815.83370000,1686211199999,12556985.86237900,16544,3802.66470000,7005177.78766600,0
1686211200000,1842.00000000,1842.90000000,1840.65000000,1840.95000000,5747.44890000,1686214799999,10583914.26873900,11114,2249.30120000,4141899.59387100,0
1686214800000,1840.95000000,1841.44000000,1838.28000000,1839.39000000,5346.48040000,1686218399999,9835608.43706200,12390,2195.72610000,4039295.05573600,0
1686218400000,1839.38000000,1844.85000000,1838.19000000,1844.77000000,5408.32560000,1686221999999,9959864.74099600,12896,3022.21310000,5565101.02970500,0
1686222000000,1844.76000000,1848.99000000,1842.86000000,1843.80000000,8572.38790000,1686225599999,15816182.30250800,14975,3526.23670000,6506415.34358500,0
1686225600000,1843.79000000,1856.28000000,1840.92000000,1845.82000000,18865.45690000,1686229199999,34856204.49930800,25125,8902.81220000,16446352.00658400,0
1686229200000,1845.82000000,1850.40000000,1837.86000000,1846.56000000,15413.17330000,1686232799999,28422958.08710800,25710,7367.27650000,13585609.41654400,0
1686232800000,1846.56000000,1861.28000000,1844.00000000,1857.36000000,19860.61840000,1686236399999,36822832.77889400,27112,10870.71670000,20152717.53994100,0
1686236400000,1857.35000000,1861.16000000,1853.47000000,1855.66000000,8929.96600000,1686239999999,16575909.35419000,18380,4299.45980000,7980616.55075600,0
1686240000000,1855.67000000,1856.24000000,1841.35000000,1845.74000000,11573.68200000,1686243599999,21389796.42031700,17723,4481.30080000,8281083.71749500,0
1686243600000,1845.75000000,1846.84000000,1841.86000000,1843.70000000,6230.44830000,1686247199999,11494419.54414500,11718,2779.66820000,5127622.31480600,0
1686247200000,1843.71000000,1849.60000000,1842.15000000,1846.23000000,4139.18290000,1686250799999,7637190.90217500,9857,2041.88380000,3766781.65631900,0
1686250800000,1846.22000000,1847.98000000,1844.69000000,1847.73000000,3983.92460000,1686254399999,7355967.04894800,8295,2091.71730000,3862148.40748200,0
1686254400000,1847.73000000,1853.37000000,1846.58000000,1852.72000000,5569.20810000,1686257999999,10306028.09723200,10253,2640.89950000,4886223.95629200,0
1686258000000,1852.71000000,1854.00000000,1849.91000000,1851.83000000,3884.49270000,1686261599999,7192201.26566800,8430,1844.23530000,3414125.08982400,0
1686261600000,1851.83000000,1852.69000000,1847.09000000,1849.47000000,5585.63120000,1686265199999,10338056.33012900,9159,2358.73310000,4365725.14743200,0
1686265200000,1849.46000000,1849.71000000,1844.92000000,1845.64000000,3436.26800000,1686268799999,6349574.82629200,8009,1846.32680000,3412305.12382500,0
1686268800000,1845.65000000,1846.87000000,1843.00000000,1843.79000000,3931.50910000,1686272399999,7253660.65351000,9515,1570.46040000,2897608.81002700,0
1686272400000,1843.80000000,1849.02000000,1842.50000000,1842.81000000,6365.37020000,1686275999999,11748472.23619800,10962,2414.33570000,4455733.46499600,0
1686276000000,1842.80000000,1844.34000000,1827.00000000,1835.75000000,26334.77110000,1686279599999,48305401.77279900,29642,11761.16970000,21573902.91463900,0
1686279600000,1835.75000000,1838.64000000,1832.05000000,1838.23000000,7337.86440000,1686283199999,13466877.08232500,13217,3462.35540000,6354395.20217500,0
1686283200000,1838.22000000,1841.31000000,1836.44000000,1838.07000000,4433.44450000,1686286799999,8150994.88024800,9921,2103.68860000,3867399.69636700,0
1686286800000,1838.06000000,1839.73000000,1837.00000000,1839.45000000,4413.06100000,1686290399999,8112226.81596200,9212,2277.03660000,4185748.43889300,0
1686290400000,1839.45000000,1842.00000000,1837.09000000,1837.78000000,5121.85760000,1686293999999,9420727.58735400,10632,2010.87220000,3698938.20478400,0
1686294000000,1837.79000000,1837.79000000,1831.25000000,1836.37000000,9593.29180000,1686297599999,17600326.92728500,19888,4259.93000000,7815256.86648900,0
1686297600000,1836.37000000,1842.98000000,1834.52000000,1842.41000000,9118.75410000,1686301199999,16767369.25869800,15324,4518.89010000,8308967.69270400,0
1686301200000,1842.40000000,1847.42000000,1841.17000000,1844.27000000,7073.73140000,1686304799999,13042254.63950200,14864,3353.24970000,6182805.69935500,0
1686304800000,1844.27000000,1845.66000000,1842.50000000,1844.08000000,6199.27100000,1686308399999,11431233.73700400,12627,2606.88300000,4807101.23723700,0
1686308400000,1844.08000000,1845.02000000,1840.11000000,1843.79000000,6836.48350000,1686311999999,12599872.06823900,13761,2973.57580000,5480297.83418900,0
1686312000000,1843.79000000,1854.41000000,1843.79000000,1851.83000000,13230.01700000,1686315599999,24451464.76601700,20324,6718.87070000,12418033.63378500,0
1686315600000,1851.84000000,1855.00000000,1847.40000000,1847.40000000,13396.39280000,1686319199999,24806770.25878500,21025,6231.16170000,11537796.28712700,0
1686319200000,1847.40000000,1851.83000000,1842.50000000,1844.68000000,10989.97610000,1686322799999,20298169.44014500,19680,5459.94450000,10081800.38177300,0
1686322800000,1844.68000000,1852.03000000,1839.75000000,1841.71000000,12080.03060000,1686326399999,22305632.68758100,21029,5469.73670000,10100808.40029500,0
1686326400000,1841.71000000,1843.45000000,1838.48000000,1840.51000000,7196.84270000,1686329999999,13248525.16338400,13648,3730.34200000,6866814.22081900,0
1686330000000,1840.51000000,1842.60000000,1837.17000000,1841.47000000,6177.63330000,1686333599999,11369345.94043300,11767,3035.92510000,5586280.52532200,0
1686333600000,1841.47000000,1842.60000000,1836.27000000,1838.06000000,5648.06200000,1686337199999,10389514.48560600,11677,2830.30320000,5205591.37352400,0
1686337200000,1838.07000000,1840.35000000,1830.37000000,1830.86000000,11345.82350000,1686340799999,20806713.52305700,20367,5438.29880000,9974681.01805000,0
1686340800000,1830.86000000,1837.11000000,1828.03000000,1837.10000000,7335.90750000,1686344399999,13446708.33737000,16177,3435.83430000,6297983.85897900,0
1686344400000,1837.10000000,1839.83000000,1834.17000000,1836.87000000,6418.93590000,1686347999999,11786046.06997300,11439,3521.87080000,6465534.50347900,0
1686348000000,1836.86000000,1838.49000000,1835.17000000,1838.48000000,4554.05060000,1686351599999,8363608.98525000,9393,2186.30240000,4015327.70897900,0
1686351600000,1838.48000000,1841.15000000,1836.31000000,1840.37000000,3191.24350000,1686355199999,5865862.42616200,8532,1470.25090000,2702586.34232700,0
1686355200000,1840.37000000,1840.45000000,1836.30000000,1837.29000000,5975.69680000,1686358799999,10986767.15278100,17202,2055.95840000,3780141.36726300,0
1686358800000,1837.28000000,1844.99000000,1828.33000000,1835.70000000,14853.56560000,1686362399999,27299940.49872100,24307,6080.80860000,11174680.24190100,0
1686362400000,1835.71000000,1839.27000000,1825.48000000,1829.50000000,15859.20760000,1686365999999,29049100.68514000,23323,7429.18040000,13608049.44081400,0
1686366000000,1829.50000000,1831.33000000,1822.13000000,1827.17000000,13951.76010000,1686369599999,25499879.13346000,21149,6541.82610000,11954313.83035600,0
1686369600000,1827.17000000,1829.84000000,1781.32000000,1788.20000000,85590.62590000,1686373199999,154138826.46310400,110103,36679.40760000,66058401.63124300,0
1686373200000,1788.19000000,1790.73000000,1744.44000000,1751.19000000,92712.29930000,1686376799999,163871193.39404800,108769,38687.03860000,68401518.65027000,0
1686376800000,1751.19000000,1760.99000000,1734.68000000,1744.11000000,64728.38720000,1686380399999,113258816.79801000,70084,25955.22820000,45411337.72239800,0
1686380400000,1744.12000000,1745.29000000,1724.43000000,1731.78000000,67200.65510000,1686383999999,116739237.76574800,72478,33209.17780000,57678677.74999600,0
1686384000000,1731.79000000,1743.16000000,1715.03000000,1740.25000000,59652.84630000,1686387599999,103233204.99943200,63488,28278.39400000,48934750.76058700,0
1686387600000,1740.25000000,1740.80000000,1732.56000000,1738.96000000,16813.31140000,1686391199999,29210564.30585600,28068,7813.04730000,13572439.49703100,0
1686391200000,1738.95000000,1744.00000000,1735.09000000,1743.82000000,12676.24520000,1686394799999,22055509.83535400,24753,6188.44260000,10769188.37252400,0
1686394800000,1743.83000000,1749.56000000,1740.04000000,1747.95000000,12314.03020000,1686398399999,21477100.62499000,24189,5828.62210000,10166601.95336000,0
1686398400000,1747.95000000,1747.96000000,1738.44000000,1739.69000000,10450.88250000,1686401999999,18213182.21683200,21527,4626.91580000,8063600.14393400,0
1686402000000,1739.68000000,1745.69000000,1737.33000000,1743.47000000,9704.07810000,1686405599999,16902292.63845400,21441,4637.29060000,8076452.58988400,0
1686405600000,1743.48000000,1747.48000000,1740.00000000,1744.12000000,10001.92930000,1686409199999,17432424.84060000,20066,4898.16800000,8536863.06459500,0
1686409200000,1744.13000000,1744.35000000,1732.85000000,1737.39000000,11707.54570000,1686412799999,20373998.14362200,19168,4852.96110000,8444583.61371600,0
1686412800000,1737.39000000,1740.49000000,1731.99000000,1733.02000000,15395.42740000,1686416399999,26718025.23486700,21555,8084.68620000,14028247.27704900,0
1686416400000,1733.01000000,1773.03000000,1718.50000000,1760.17000000,67289.67540000,1686419999999,117747880.73779200,73300,33518.16340000,58660882.26985100,0
1686420000000,1760.16000000,1762.14000000,1725.00000000,1733.48000000,28021.17530000,1686423599999,48797480.07637600,42628,13873.86390000,24155493.07297000,0
1686423600000,1733.48000000,1745.17000000,1732.51000000,1744.48000000,8530.68780000,1686427199999,14834081.54376900,17102,4763.77940000,8284391.89914000,0
1686427200000,1744.48000000,1747.74000000,1738.59000000,1742.79000000,10601.21090000,1686430799999,18473920.39168700,16306,5668.83240000,9877720.66913600,0
1686430800000,1742.78000000,1745.85000000,1739.15000000,1744.62000000,4976.35920000,1686434399999,8672243.33757600,11247,2897.19440000,5048811.11562100,0
1686434400000,1744.63000000,1757.58000000,1743.60000000,1753.89000000,8657.46830000,1686437999999,15161531.74855000,14869,4232.15740000,7409863.66412400,0
1686438000000,1753.88000000,1754.99000000,1751.00000000,1751.53000000,4659.59890000,1686441599999,8164953.95882700,10288,2161.50900000,3787479.54084200,0
1686441600000,1751.52000000,1752.35000000,1745.00000000,1745.72000000,8914.11640000,1686445199999,15591901.94898000,16302,3773.49640000,6600169.44679200,0
1686445200000,1745.72000000,1751.98000000,1743.64000000,1749.49000000,7281.74740000,1686448799999,12727819.22982700,13292,3725.05070000,6511673.49763400,0
1686448800000,1749.49000000,1750.15000000,1745.00000000,1749.56000000,7441.87950000,1686452399999,13007143.64497400,11295,2494.54720000,4359730.75811600,0
1686452400000,1749.55000000,1752.46000000,1747.74000000,1751.55000000,7359.31720000,1686455999999,12880568.30101900,10758,3847.23150000,6733691.93631000,0
1686456000000,1751.55000000,1757.19000000,1743.88000000,1754.01000000,8602.81330000,1686459599999,15051784.25834900,16413,3920.12730000,6858967.66666600,0
1686459600000,1754.01000000,1759.76000000,1753.50000000,1756.66000000,6466.54910000,1686463199999,11355262.99133300,13105,3826.00060000,6718280.72685700,0
1686463200000,1756.65000000,1759.43000000,1756.00000000,1756.53000000,5562.95790000,1686466799999,9777263.83906400,17249,3294.74280000,5790850.36064800,0
1686466800000,1756.53000000,1756.72000000,1752.80000000,1752.92000000,5509.51600000,1686470399999,9668522.41659400,15763,3143.44900000,5516200.60614900,0
1686470400000,1752.92000000,1755.54000000,1747.36000000,1748.90000000,7955.19530000,1686473999999,13926567.65957500,17115,2799.23990000,4901050.70383700,0
1686474000000,1748.90000000,1750.72000000,1745.15000000,1745.68000000,6720.08730000,1686477599999,11746358.93506000,19435,2335.21250000,4082027.59153900,0
1686477600000,1745.68000000,1754.63000000,1745.17000000,1751.21000000,5968.30980000,1686481199999,10443049.30991900,13881,2792.42590000,4886215.76528300,0
1686481200000,1751.22000000,1754.99000000,1750.11000000,1752.13000000,4459.26550000,1686484799999,7814065.21575500,12190,2199.98680000,3854807.13520600,0
1686484800000,1752.14000000,1752.39000000,1746.53000000,1746.65000000,5900.52760000,1686488399999,10322073.70506200,12724,2465.92880000,4314350.00275500,0
1686488400000,1746.64000000,1749.49000000,1738.72000000,1741.24000000,11409.17450000,1686491999999,19904184.92235000,19707,5372.12470000,9370448.20416800,0
1686492000000,1741.23000000,1750.54000000,1740.44000000,1743.54000000,9320.09850000,1686495599999,16261085.91731800,14594,4470.83630000,7799168.92145800,0
1686495600000,1743.54000000,1746.31000000,1740.35000000,1740.80000000,7245.22810000,1686499199999,12629771.96032400,13370,3069.25620000,5351010.93098100,0
1686499200000,1740.80000000,1757.00000000,1739.76000000,1752.19000000,17249.74360000,1686502799999,30185774.24190700,21635,8936.88410000,15635975.50443500,0
1686502800000,1752.18000000,1765.00000000,1751.57000000,1756.07000000,14432.05850000,1686506399999,25354228.65272100,19478,6707.74050000,11783992.61317600,0
1686506400000,1756.08000000,1761.87000000,1754.50000000,1757.14000000,7333.68500000,1686509999999,12896059.75382100,12580,3540.50680000,6224674.35141400,0
1686510000000,1757.14000000,1768.26000000,1755.29000000,1762.27000000,10691.16420000,1686513599999,18853306.74665400,15951,4829.76580000,8516874.19463900,0
1686513600000,1762.27000000,1778.25000000,1762.27000000,1769.85000000,16953.96310000,1686517199999,30019405.62559500,23695,8300.57750000,14694794.30909200,0
1686517200000,1769.85000000,1771.00000000,1761.98000000,1763.59000000,6262.66240000,1686520799999,11066477.33432600,12697,2574.75970000,4550168.37589900,0
1686520800000,1763.58000000,1764.43000000,1741.64000000,1753.86000000,21265.30900000,1686524399999,37268332.02348200,23580,11260.94970000,19737812.62190600,0
1686524400000,1753.87000000,1755.89000000,1746.76000000,1752.76000000,9650.87420000,1686527999999,16905537.31622900,12112,5289.26320000,9265255.06849500,0
1686528000000,1752.77000000,1755.35000000,1744.02000000,1751.87000000,13599.10490000,1686531599999,23788902.69252800,20914,8150.46450000,14257093.50135900,0
1686531600000,1751.88000000,1753.49000000,1743.33000000,1745.89000000,11132.91140000,1686535199999,19458022.87484000,15287,5654.59490000,9883627.65253600,0
1686535200000,1745.89000000,1748.50000000,1720.11000000,1731.43000000,37121.14870000,1686538799999,64243189.13498800,43341,18981.64770000,32843924.48599500,0
1686538800000,1731.43000000,1738.94000000,1730.03000000,1735.76000000,8986.90520000,1686542399999,15586101.33255200,14559,4836.06220000,8387082.85654200,0
1686542400000,1735.76000000,1741.45000000,1735.00000000,1740.56000000,8036.43220000,1686545999999,13969651.03405900,14680,3969.42390000,6899701.27425000,0
1686546000000,1740.55000000,1740.56000000,1736.02000000,1736.39000000,6078.29530000,1686549599999,10568107.27516600,12912,2532.73630000,4403333.89559000,0
1686549600000,1736.40000000,1748.00000000,1736.10000000,1740.60000000,11256.64860000,1686553199999,19609895.05250100,20670,6431.75280000,11203836.31544600,0
1686553200000,1740.60000000,1742.00000000,1732.77000000,1736.70000000,8176.81960000,1686556799999,14217505.89079300,16551,4053.33940000,7047647.54013600,0
1686556800000,1736.70000000,1747.61000000,1734.28000000,1745.35000000,14132.16300000,1686560399999,24621395.85339800,21918,6541.49720000,11397725.64328800,0
1686560400000,1745.35000000,1759.33000000,1744.65000000,1748.45000000,19063.49330000,1686563999999,33403023.31232300,29350,9738.26390000,17062364.07992600,0
1686564000000,1748.44000000,1755.00000000,1747.50000000,1748.14000000,14365.51780000,1686567599999,25159813.29667600,20986,7381.80800000,12928827.19738300,0
1686567600000,1748.15000000,1748.55000000,1742.29000000,1745.60000000,7409.55110000,1686571199999,12935475.59250200,15027,3333.07300000,5818198.45902300,0
1686571200000,1745.61000000,1747.25000000,1741.86000000,1747.09000000,8423.21010000,1686574799999,14690899.82860900,14985,5242.03740000,9142474.31158300,0
1686574800000,1747.09000000,1747.10000000,1736.30000000,1739.47000000,12932.29310000,1686578399999,22515797.64600900,23316,6899.33080000,12013203.57598900,0
1686578400000,1739.47000000,1744.21000000,1728.88000000,1738.14000000,16238.96280000,1686581999999,28214011.60555400,22240,7042.69820000,12243220.27858700,0
1686582000000,1738.16000000,1738.16000000,1730.12000000,1731.87000000,15251.44000000,1686585599999,26432933.31578900,21355,7857.31230000,13616981.58724500,0
1686585600000,1731.86000000,1739.35000000,1726.70000000,1736.13000000,14838.46990000,1686589199999,25733470.67394200,19872,6928.20400000,12012120.26631700,0
1686589200000,1736.13000000,1747.16000000,1720.00000000,1736.37000000,32285.11350000,1686592799999,55969179.76140700,36177,15998.97130000,27734750.21036200,0
1686592800000,1736.37000000,1738.26000000,1730.42000000,1736.89000000,9294.65160000,1686596399999,16123017.38964600,16353,4816.11200000,8354391.08020400,0
1686596400000,1736.89000000,1737.16000000,1727.66000000,1733.14000000,8983.86920000,1686599999999,15556008.70403700,15381,5486.11600000,9497762.13515700,0
1686600000000,1733.15000000,1739.35000000,1730.22000000,1739.08000000,7302.69180000,1686603599999,12666723.54008300,15596,3970.21140000,6885814.89991100,0
1686603600000,1739.08000000,1744.22000000,1738.06000000,1743.39000000,6910.39420000,1686607199999,12028575.55038900,13145,3448.39480000,6002129.22808600,0
1686607200000,1743.38000000,1746.46000000,1740.70000000,1743.00000000,6491.28160000,1686610799999,11317866.88931800,12911,3268.93960000,5699554.97944400,0
1686610800000,1743.01000000,1744.35000000,1740.52000000,1742.57000000,3821.11300000,1686614399999,6657946.37250000,9866,2016.05500000,3512462.72324100,0
1686614400000,1742.57000000,1750.40000000,1728.72000000,1732.85000000,15281.68860000,1686617999999,26576212.67068900,26726,8446.81130000,14688038.15388800,0
1686618000000,1732.84000000,1748.00000000,1728.43000000,1740.72000000,11137.99660000,1686621599999,19364500.52897200,20243,5939.39460000,10321608.70176600,0
1686621600000,1740.71000000,1756.00000000,1737.67000000,1753.50000000,15541.17360000,1686625199999,27178149.93363600,24667,8823.57610000,15425891.85096300,0
1686625200000,1753.49000000,1754.43000000,1745.54000000,1747.37000000,7949.21780000,1686628799999,13912745.01686400,15395,4177.76600000,7310363.27427000,0
1686628800000,1747.38000000,1748.54000000,1741.13000000,1747.81000000,5234.29870000,1686632399999,9137641.86373700,13220,2616.71210000,4568306.99271000,0
1686632400000,1747.80000000,1752.71000000,1747.10000000,1749.37000000,5432.35090000,1686635999999,9503941.05092900,14025,2978.30260000,5210209.82688200,0
1686636000000,1749.36000000,1753.26000000,1747.33000000,1748.85000000,5853.92140000,1686639599999,10249014.20651400,12897,2995.71940000,5245453.63779500,0
1686639600000,1748.85000000,1752.49000000,1748.15000000,1748.27000000,4710.15600000,1686643199999,8243436.58049900,18369,2561.22500000,4482494.94767800,0
1686643200000,1748.28000000,1759.65000000,1746.94000000,1753.39000000,12465.21710000,1686646799999,21861780.91545900,22166,7923.31830000,13898331.62462600,0
1686646800000,1753.38000000,1755.61000000,1747.10000000,1749.63000000,8278.14760000,1686650399999,14489476.69640600,17102,4258.05580000,7453295.97749600,0
1686650400000,1749.63000000,1751.74000000,1747.42000000,1750.98000000,6257.15600000,1686653999999,10948986.53423900,14035,3713.61790000,6498263.59512700,0
1686654000000,1750.99000000,1755.29000000,1746.32000000,1753.81000000,13037.83160000,1686657599999,22823863.94303300,26334,7076.76350000,12387021.82012500,0
1686657600000,1753.80000000,1770.13000000,1728.88000000,1741.89000000,63266.44440000,1686661199999,110787537.67067400,71246,31216.31650000,54663641.77644300,0
1686661200000,1741.89000000,1744.66000000,1736.50000000,1743.14000000,8868.31060000,1686664799999,15438195.00826500,14475,4121.24280000,7176194.55905000,0
